{"hairColour":[128.86576595963953,187.34958879343245,60.89106385935465],"detailColour":[95.04697102365654,209.87856701431522,145.29301976052724],"shirtColour":[136.33588765833304,30.742266516648975,28.474685315896057],"pantsColour":[241.69004201552917,231.38314324280978,61.52514803683851],"shoeColour":[20.632216628394126,145.36845669635127,132.93386044438813],"eyeColour":[139.93851391946316,199.46472614529742,126.88568638571289],"hairStyle":1,"detailStyle":1,"bodyType":1,"race":2,"skin":[52.38182729247345,34.78480718640815,14.73238892600816]}