{
	"hairColour": [
		92.5544233494852,
		128.8330188473618,
		71.92526387593867
	],
	"detailColour": [
		108.69750366724338,
		86.0322004560109,
		86.7458621164871
	],
	"shirtColour": [
		181.96371533632174,
		13.646585358373013,
		114.00208421217334
	],
	"pantsColour": [
		211.03811221582603,
		82.28795734057417,
		108.97793712939803
	],
	"shoeColour": [
		213.4146944070965,
		181.61289792105322,
		93.82280968389358
	],
	"eyeColour": [
		128.55313360866668,
		97.59298265401699,
		154.1462822840368
	],
	"hairStyle": 0,
	"detailStyle": 1,
	"bodyType": 3,
	"race": 8,
	"skin": [
		198.37338791921596,
		133.25302249822525,
		65.27104282148991
	]
}